PDB_File,pDockQ,if_pLDDT,if_contacts,avg_pLDDT
outputs/toxin_antitoxin_cofold/esmfold_structures/de60f875df424f938733d1c9aefe6bf2_1142453-1ID53_1partial00start_typeGTGrbs_motifNonerbs_spacerNonegc_cont0689__5998d5962f/de60f875df424f938733d1c9aefe6bf2_1142453-1ID53_1partial00start_typeGTGrbs_motifNonerbs_spacerNonegc_cont0689__5998d5962f.pdb,0.02205696209372754,68.13571428571427,5,79.23565217391305
outputs/toxin_antitoxin_cofold/esmfold_structures/de60f875df424f938733d1c9aefe6bf2_2450710-1ID53_2partial00start_typeATGrbs_motifAGGAGrbs_spacer5-10bpgc_cont06_c1076867b3/de60f875df424f938733d1c9aefe6bf2_2450710-1ID53_2partial00start_typeATGrbs_motifAGGAGrbs_spacer5-10bpgc_cont06_c1076867b3.pdb,0.6624307905116451,95.80346153846155,102,91.84918604651163
outputs/toxin_antitoxin_cofold/esmfold_structures/7d242641691244fcbbc11e1b25960d51_366510241ID92_3partial00start_typeATGrbs_motifAGGAGrbs_spacer5-10bpgc_cont04_269928f74a/7d242641691244fcbbc11e1b25960d51_366510241ID92_3partial00start_typeATGrbs_motifAGGAGrbs_spacer5-10bpgc_cont04_269928f74a.pdb,0.0,0.0,0,70.67877394636015
outputs/toxin_antitoxin_cofold/esmfold_structures/de60f875df424f938733d1c9aefe6bf2_37841098-1ID53_3partial00start_typeGTGrbs_motifNonerbs_spacerNonegc_cont0670_21eeb6a9e1/de60f875df424f938733d1c9aefe6bf2_37841098-1ID53_3partial00start_typeGTGrbs_motifNonerbs_spacerNonegc_cont0670_21eeb6a9e1.pdb,0.027586935789073758,69.70599999999999,9,83.65798076923078
outputs/toxin_antitoxin_cofold/esmfold_structures/de60f875df424f938733d1c9aefe6bf2_2450710-1ID53_2partial00start_typeATGrbs_motifAGGAGrbs_spacer5-10bpgc_cont06_9c11f414d3/de60f875df424f938733d1c9aefe6bf2_2450710-1ID53_2partial00start_typeATGrbs_motifAGGAGrbs_spacer5-10bpgc_cont06_9c11f414d3.pdb,0.3800031540633446,81.90278688524592,72,82.81852631578947
outputs/toxin_antitoxin_cofold/esmfold_structures/f37cad9fe6204e7194ce3ac6f7a0a505_2301549-1ID74_2partial00start_typeATGrbs_motifGGAGAGAGGrbs_spacer5-10bpgc_co_5ba304cf69/f37cad9fe6204e7194ce3ac6f7a0a505_2301549-1ID74_2partial00start_typeATGrbs_motifGGAGAGAGGrbs_spacer5-10bpgc_co_5ba304cf69.pdb,0.02420159995346044,78.69714285714285,5,91.07615853658537
outputs/toxin_antitoxin_cofold/esmfold_structures/321e7b95710a461aa73074139d45d0e4_21006511ID68_2partial00start_typeATGrbs_motifTAArbs_spacer12bpgc_cont0424_32_66ecbecff1/321e7b95710a461aa73074139d45d0e4_21006511ID68_2partial00start_typeATGrbs_motifTAArbs_spacer12bpgc_cont0424_32_66ecbecff1.pdb,0.7234962332547631,88.53632978723401,326,86.69520435967303
outputs/toxin_antitoxin_cofold/esmfold_structures/7275a3d0d6924ebf9db450ca501b7d8a_22768541ID99_2partial00start_typeATGrbs_motifGGAGGrbs_spacer5-10bpgc_cont040_28eb2d7a66/7275a3d0d6924ebf9db450ca501b7d8a_22768541ID99_2partial00start_typeATGrbs_motifGGAGGrbs_spacer5-10bpgc_cont040_28eb2d7a66.pdb,0.09546029468932127,61.9018181818182,63,72.29067708333334
outputs/toxin_antitoxin_cofold/esmfold_structures/7f0ebae773264495a9f7a87fb557e5f1_25501083-1ID66_2partial00start_typeATGrbs_motifGGAGAGAGGrbs_spacer5-10bpgc_c_a61743da0e/7f0ebae773264495a9f7a87fb557e5f1_25501083-1ID66_2partial00start_typeATGrbs_motifGGAGAGAGGrbs_spacer5-10bpgc_c_a61743da0e.pdb,0.018961397752356477,83.875,1,72.53117788461539
outputs/toxin_antitoxin_cofold/esmfold_structures/6a85b4dcbab34c1d89a9a16703d720f6_388712731ID85_3partial00start_typeATGrbs_motifTAArbs_spacer5bpgc_cont0411_6a_db5ee6e0a6/6a85b4dcbab34c1d89a9a16703d720f6_388712731ID85_3partial00start_typeATGrbs_motifTAArbs_spacer5bpgc_cont0411_6a_db5ee6e0a6.pdb,0.022659852264906057,65.91,6,75.36527343750001
outputs/toxin_antitoxin_cofold/esmfold_structures/de60f875df424f938733d1c9aefe6bf2_1142453-1ID53_1partial00start_typeGTGrbs_motifNonerbs_spacerNonegc_cont0689__6f50eafa78/de60f875df424f938733d1c9aefe6bf2_1142453-1ID53_1partial00start_typeGTGrbs_motifNonerbs_spacerNonegc_cont0689__6f50eafa78.pdb,0.08377176549147343,76.5495652173913,25,81.66243386243387
outputs/toxin_antitoxin_cofold/esmfold_structures/025f6c7fc2a548b2b07bb14b83a6d28a_2232495-1ID55_2partial00start_typeATGrbs_motifAGGAGrbs_spacer5-10bpgc_cont06_aa783f44e9/025f6c7fc2a548b2b07bb14b83a6d28a_2232495-1ID55_2partial00start_typeATGrbs_motifAGGAGrbs_spacer5-10bpgc_cont06_aa783f44e9.pdb,0.10681629895090353,75.58538461538461,32,72.40678899082569
outputs/toxin_antitoxin_cofold/esmfold_structures/de60f875df424f938733d1c9aefe6bf2_410951355-1ID53_4partial00start_typeATGrbs_motifAGGAGrbs_spacer5-10bpgc_cont_9c758ade3e/de60f875df424f938733d1c9aefe6bf2_410951355-1ID53_4partial00start_typeATGrbs_motifAGGAGrbs_spacer5-10bpgc_cont_9c758ade3e.pdb,0.28886870340225956,81.27905660377358,56,82.65899999999999
outputs/toxin_antitoxin_cofold/esmfold_structures/de60f875df424f938733d1c9aefe6bf2_1142453-1ID53_1partial00start_typeGTGrbs_motifNonerbs_spacerNonegc_cont0689__a49b708189/de60f875df424f938733d1c9aefe6bf2_1142453-1ID53_1partial00start_typeGTGrbs_motifNonerbs_spacerNonegc_cont0689__a49b708189.pdb,0.08377176549147343,76.5495652173913,25,81.66243386243387
outputs/toxin_antitoxin_cofold/esmfold_structures/1041e26dc7a943bba5009899f0a7607b_185972-1ID4_1partial00start_typeTTGrbs_motifNonerbs_spacerNonegc_cont0455_10_77a56b91f3/1041e26dc7a943bba5009899f0a7607b_185972-1ID4_1partial00start_typeTTGrbs_motifNonerbs_spacerNonegc_cont0455_10_77a56b91f3.pdb,0.023392242986316883,69.255,6,79.61279646017698
outputs/toxin_antitoxin_cofold/esmfold_structures/de60f875df424f938733d1c9aefe6bf2_1142453-1ID53_1partial00start_typeGTGrbs_motifNonerbs_spacerNonegc_cont0689__4a583b8290/de60f875df424f938733d1c9aefe6bf2_1142453-1ID53_1partial00start_typeGTGrbs_motifNonerbs_spacerNonegc_cont0689__4a583b8290.pdb,0.019830904775322393,62.552,3,80.61816425120773
outputs/toxin_antitoxin_cofold/esmfold_structures/3364a103cc46492490be400b078a2af4_267512531ID50_2partial00start_typeATGrbs_motifGGAGAGAGGrbs_spacer5-10bpgc_co_99c7e1396e/3364a103cc46492490be400b078a2af4_267512531ID50_2partial00start_typeATGrbs_motifGGAGAGAGGrbs_spacer5-10bpgc_co_99c7e1396e.pdb,0.020182364409357004,58.724000000000004,4,78.86312182741116
outputs/toxin_antitoxin_cofold/esmfold_structures/025f6c7fc2a548b2b07bb14b83a6d28a_3566961-1ID55_3partial00start_typeATGrbs_motifNonerbs_spacerNonegc_cont0720__cc3e3b5eea/025f6c7fc2a548b2b07bb14b83a6d28a_3566961-1ID55_3partial00start_typeATGrbs_motifNonerbs_spacerNonegc_cont0720__cc3e3b5eea.pdb,0.2293408839015784,73.2312,70,86.52948148148148
outputs/toxin_antitoxin_cofold/esmfold_structures/e951f484656c4e06888abe99fe5f8681_23698391ID112_2partial00start_typeATGrbs_motifGGAGGAGGrbs_spacer5-10bpgc_con_fdd6d4e730/e951f484656c4e06888abe99fe5f8681_23698391ID112_2partial00start_typeATGrbs_motifGGAGGAGGrbs_spacer5-10bpgc_con_fdd6d4e730.pdb,0.01872806518483672,66.095,1,88.08960093896714
outputs/toxin_antitoxin_cofold/esmfold_structures/de60f875df424f938733d1c9aefe6bf2_2450710-1ID53_2partial00start_typeATGrbs_motifAGGAGrbs_spacer5-10bpgc_cont06_fd518a4eea/de60f875df424f938733d1c9aefe6bf2_2450710-1ID53_2partial00start_typeATGrbs_motifAGGAGrbs_spacer5-10bpgc_cont06_fd518a4eea.pdb,0.28886870340225956,81.27905660377358,56,82.65899999999999
outputs/toxin_antitoxin_cofold/esmfold_structures/de60f875df424f938733d1c9aefe6bf2_37841098-1ID53_3partial00start_typeGTGrbs_motifNonerbs_spacerNonegc_cont0670_d8d9625b04/de60f875df424f938733d1c9aefe6bf2_37841098-1ID53_3partial00start_typeGTGrbs_motifNonerbs_spacerNonegc_cont0670_d8d9625b04.pdb,0.26838601736728107,83.03978723404255,48,83.5004210526316
outputs/toxin_antitoxin_cofold/esmfold_structures/025f6c7fc2a548b2b07bb14b83a6d28a_2232495-1ID55_2partial00start_typeATGrbs_motifAGGAGrbs_spacer5-10bpgc_cont06_8cc1395eeb/025f6c7fc2a548b2b07bb14b83a6d28a_2232495-1ID55_2partial00start_typeATGrbs_motifAGGAGrbs_spacer5-10bpgc_cont06_8cc1395eeb.pdb,0.3557577236616569,81.04296296296297,70,87.72637168141593
