PDB_File,pDockQ,if_pLDDT,if_contacts,avg_pLDDT,id_pair,sequence1,sequence2
outputs/toxin_antitoxin_cofold/esmfold_structures/321e7b95710a461aa73074139d45d0e4_21006511ID68_2partial00start_typeATGrbs_motifTAArbs_spacer12bpgc_cont0424_32_66ecbecff1/321e7b95710a461aa73074139d45d0e4_21006511ID68_2partial00start_typeATGrbs_motifTAArbs_spacer12bpgc_cont0424_32_66ecbecff1.pdb,0.7234962332547631,88.53632978723401,326,86.69520435967303,321e7b95710a461aa73074139d45d0e4_21006511ID68_2partial00start_typeATGrbs_motifTAArbs_spacer12bpgc_cont0424_32_66ecbecff1,MTLGDLFLSFLKIGMFTFGGGYVMLPMIQREVVEKHGWTNHAEFLDLFAIAQSAPGVIAVNLAIYIGYKLRGVMGALIGTLGFIVPSFFIVIGLATAYQTFAQYPQVQSVFNGVNVAVVALVLNTVLKIGKTSLKDKFAWVLAALSFVAFLLVKLPLILLMIGAAGLGLVYSFKKPSNKGNKR,MILLSLFWTFFKIGAFTFGGGYAMIPLIQNEVVQQHHWLSHAEFINMLAVAEVTPGPIAINIATFIGYQMAGILGAIIATVAIFLPSFILVLAITPLLLKFRQSAWVKAVLYGLRPAVLTFLLNSGFVFMQGSAFIESSCGDVFTIAIVIISLVTLTNQRKFSLIGGGLGVLLLLASLGIGWIS
outputs/toxin_antitoxin_cofold/esmfold_structures/de60f875df424f938733d1c9aefe6bf2_2450710-1ID53_2partial00start_typeATGrbs_motifAGGAGrbs_spacer5-10bpgc_cont06_c1076867b3/de60f875df424f938733d1c9aefe6bf2_2450710-1ID53_2partial00start_typeATGrbs_motifAGGAGrbs_spacer5-10bpgc_cont06_c1076867b3.pdb,0.6624307905116451,95.80346153846156,102,91.84918604651163,de60f875df424f938733d1c9aefe6bf2_2450710-1ID53_2partial00start_typeATGrbs_motifAGGAGrbs_spacer5-10bpgc_cont06_c1076867b3,MTRTTTMTVRLSGALSDFVAANVGDDGAYENVSEYIRDLIRRDQERTEQEAFDRLKAELARAFAAPESVYTPLDAAEVIARNRARR,MTRTTTMTVRLSGALSDFVAANVGDDGAYENVSEYIRDLIRRDQERTEQEAFDRLKAELARAFAAPESVYTPLDAAEVIARNRARR
outputs/toxin_antitoxin_cofold/esmfold_structures/de60f875df424f938733d1c9aefe6bf2_2450710-1ID53_2partial00start_typeATGrbs_motifAGGAGrbs_spacer5-10bpgc_cont06_9c11f414d3/de60f875df424f938733d1c9aefe6bf2_2450710-1ID53_2partial00start_typeATGrbs_motifAGGAGrbs_spacer5-10bpgc_cont06_9c11f414d3.pdb,0.3800031540633446,81.90278688524592,72,82.81852631578947,de60f875df424f938733d1c9aefe6bf2_2450710-1ID53_2partial00start_typeATGrbs_motifAGGAGrbs_spacer5-10bpgc_cont06_9c11f414d3,MTRTTTMTVRLSGALSDFVAANVGDDGAYENVSEYIRDLIRRDQERTEQEAFDRLKAELARAFAAPESVYTPLDAAEVIARNRARR,MSGKPVRLLEAAQADLDRIYAYTQDRWGEAQADRYIAELFAAFERIAEHPDIGRTADLFAAGLRSYPHRSHIVYYLRDDEARVVMVLLHGARDFERILKDRIET
outputs/toxin_antitoxin_cofold/esmfold_structures/025f6c7fc2a548b2b07bb14b83a6d28a_2232495-1ID55_2partial00start_typeATGrbs_motifAGGAGrbs_spacer5-10bpgc_cont06_8cc1395eeb/025f6c7fc2a548b2b07bb14b83a6d28a_2232495-1ID55_2partial00start_typeATGrbs_motifAGGAGrbs_spacer5-10bpgc_cont06_8cc1395eeb.pdb,0.3557577236616569,81.04296296296297,70,87.72637168141593,025f6c7fc2a548b2b07bb14b83a6d28a_2232495-1ID55_2partial00start_typeATGrbs_motifAGGAGrbs_spacer5-10bpgc_cont06_8cc1395eeb,MAHILIRNLDDTVKQRLKARAARNGHSMEEEAREILTRAVLAEAEEPERLGTIIHSRIRPLGGIVLPERTRDVARDMAPFDDDLPPE,MIVLDTNVISELMRPAPDAKVEAWYDTQSIDDLFLTAITEAEVRYGLAVLPEGKRRTALQTAVEAMLAEDFAGRILPFDSDAARIYAELAALRRRAGRPISQFDAQIAAIARANGATVATRNTKDFEGSGIPVLDPWLG
outputs/toxin_antitoxin_cofold/esmfold_structures/de60f875df424f938733d1c9aefe6bf2_2450710-1ID53_2partial00start_typeATGrbs_motifAGGAGrbs_spacer5-10bpgc_cont06_fd518a4eea/de60f875df424f938733d1c9aefe6bf2_2450710-1ID53_2partial00start_typeATGrbs_motifAGGAGrbs_spacer5-10bpgc_cont06_fd518a4eea.pdb,0.2888687034022595,81.27905660377358,56,82.65899999999999,de60f875df424f938733d1c9aefe6bf2_2450710-1ID53_2partial00start_typeATGrbs_motifAGGAGrbs_spacer5-10bpgc_cont06_fd518a4eea,MTRTTTMTVRLSGALSDFVAANVGDDGAYENVSEYIRDLIRRDQERTEQEAFDRLKAELARAFAAPESVYTPLDAAEVIARNRARR,MSGKPVRLLEAAQADLAGIYAYTQDRWGEAQADRYIAELFAAFERIAEHPDIGRTADLFAAGLRSYPHRSHIVYYLRDDEARVVMVLLHGARDFERILKDRIET
outputs/toxin_antitoxin_cofold/esmfold_structures/de60f875df424f938733d1c9aefe6bf2_410951355-1ID53_4partial00start_typeATGrbs_motifAGGAGrbs_spacer5-10bpgc_cont_9c758ade3e/de60f875df424f938733d1c9aefe6bf2_410951355-1ID53_4partial00start_typeATGrbs_motifAGGAGrbs_spacer5-10bpgc_cont_9c758ade3e.pdb,0.2888687034022595,81.27905660377358,56,82.65899999999999,de60f875df424f938733d1c9aefe6bf2_410951355-1ID53_4partial00start_typeATGrbs_motifAGGAGrbs_spacer5-10bpgc_cont_9c758ade3e,MTRTTTMTVRLSGALSDFVAANVGDDGAYENVSEYIRDLIRRDQERTEQEAFDRLKAELARAFAAPESVYTPLDAAEVIARNRARR,MSGKPVRLLEAAQADLAGIYAYTQDRWGEAQADRYIAELFAAFERIAEHPDIGRTADLFAAGLRSYPHRSHIVYYLRDDEARVVMVLLHGARDFERILKDRIET
outputs/toxin_antitoxin_cofold/esmfold_structures/de60f875df424f938733d1c9aefe6bf2_37841098-1ID53_3partial00start_typeGTGrbs_motifNonerbs_spacerNonegc_cont0670_d8d9625b04/de60f875df424f938733d1c9aefe6bf2_37841098-1ID53_3partial00start_typeGTGrbs_motifNonerbs_spacerNonegc_cont0670_d8d9625b04.pdb,0.268386017367281,83.03978723404255,48,83.5004210526316,de60f875df424f938733d1c9aefe6bf2_37841098-1ID53_3partial00start_typeGTGrbs_motifNonerbs_spacerNonegc_cont0670_d8d9625b04,MSGKPVRLLEAAQADLDRIYAYTQDRWGEAQADRYIAELFAAFERIAEHPDIGRTADLFAAGLRSYPHRSHIVYYLRDDEARVVMVLLHGARDFERILKDRIET,MTRTTTMTVRLSGALSDFVAANVGDDGAYENVSEYIRDLIRRDQERTEQEAFDRLKAELARAFAAPESVYTPLDAAEVIARNRARR
outputs/toxin_antitoxin_cofold/esmfold_structures/025f6c7fc2a548b2b07bb14b83a6d28a_3566961-1ID55_3partial00start_typeATGrbs_motifNonerbs_spacerNonegc_cont0720__cc3e3b5eea/025f6c7fc2a548b2b07bb14b83a6d28a_3566961-1ID55_3partial00start_typeATGrbs_motifNonerbs_spacerNonegc_cont0720__cc3e3b5eea.pdb,0.2293408839015784,73.2312,70,86.52948148148148,025f6c7fc2a548b2b07bb14b83a6d28a_3566961-1ID55_3partial00start_typeATGrbs_motifNonerbs_spacerNonegc_cont0720__cc3e3b5eea,MFLLDTVIWIDLTRGRVPSDAAALLDRRLVIAPATCWEVAQGLRNRLRFDDAALAEAFLAARGITILPIPAAHADLAAEVLAAHALSHGDRSWTDCTIVALSERLGHLLLTRDKRLLALSGPIPVILVPRT,MIVLDTNVISELMRPAPDAKVEAWYDTQSIDDLFLTAITEAEVRYGLAVLPEGKRRTALQTAVEAMLAEDFAGRILPFDSDAARIYAELAALRRRAGRPISQFDAQIAAIARANGATVATRNTKDFEGSGIPVLDPWLG
outputs/toxin_antitoxin_cofold/esmfold_structures/025f6c7fc2a548b2b07bb14b83a6d28a_2232495-1ID55_2partial00start_typeATGrbs_motifAGGAGrbs_spacer5-10bpgc_cont06_aa783f44e9/025f6c7fc2a548b2b07bb14b83a6d28a_2232495-1ID55_2partial00start_typeATGrbs_motifAGGAGrbs_spacer5-10bpgc_cont06_aa783f44e9.pdb,0.1068162989509035,75.58538461538461,32,72.40678899082569,025f6c7fc2a548b2b07bb14b83a6d28a_2232495-1ID55_2partial00start_typeATGrbs_motifAGGAGrbs_spacer5-10bpgc_cont06_aa783f44e9,MAHILIRNLDDTVKQRLKARAARNGHSMEEEAREILTRAVLAEAEEPERLGTIIHSRIRPLGGIVLPERTRDVARDMAPFDDDLPPE,MFLLDTVIWIDLTRGRVPSDAAALLDRRLVIAPATCWEVAQGLRNRLRFDDAALAEAFLAARGITILPIPAAHADLAAEVLAAHALSHGDRSWTDCTIVALSERLGHLLLTRDKRLLALSGPIPVILVPRT
outputs/toxin_antitoxin_cofold/esmfold_structures/7275a3d0d6924ebf9db450ca501b7d8a_22768541ID99_2partial00start_typeATGrbs_motifGGAGGrbs_spacer5-10bpgc_cont040_28eb2d7a66/7275a3d0d6924ebf9db450ca501b7d8a_22768541ID99_2partial00start_typeATGrbs_motifGGAGGrbs_spacer5-10bpgc_cont040_28eb2d7a66.pdb,0.0954602946893212,61.9018181818182,63,72.29067708333334,7275a3d0d6924ebf9db450ca501b7d8a_22768541ID99_2partial00start_typeATGrbs_motifGGAGGrbs_spacer5-10bpgc_cont040_28eb2d7a66,MIQRDIEYSGQYSKDVKLAQKRGKDMNKLKYLMTLLINNTLPLPAVYKDHPLQGSWKGYRDAHVEPDWILIYKLTDKLLRFERTGTHAAHYGCGPTFSCNILQLSLQFHIMKTATYTDLRNNLGEYLKMVSQGQKVVLTKNKQVIAVNVAEGRFETPVEVLTDEFFNKADKALDDIKQGKTIPLDELEDLWK,MIQRDIEYSGQYSKDVKLAQKRGKDMNKLKYLMTLLINNTLPLPAVYKDHPLQGSWKGYRDAHVEPDWILIYKLTDKLLRFERTGTHAAHYGCGPTFSCNILQLSLQFHIMKTATYTDLRNNLGEYLKMVSQGQKVVLTKNKQVIAVNVAEGRFETPVEVLTDEFFNKADKALDDIKQGKTIPLDELEDLWK
outputs/toxin_antitoxin_cofold/esmfold_structures/de60f875df424f938733d1c9aefe6bf2_1142453-1ID53_1partial00start_typeGTGrbs_motifNonerbs_spacerNonegc_cont0689__6f50eafa78/de60f875df424f938733d1c9aefe6bf2_1142453-1ID53_1partial00start_typeGTGrbs_motifNonerbs_spacerNonegc_cont0689__6f50eafa78.pdb,0.0837717654914734,76.5495652173913,25,81.66243386243387,de60f875df424f938733d1c9aefe6bf2_1142453-1ID53_1partial00start_typeGTGrbs_motifNonerbs_spacerNonegc_cont0689__6f50eafa78,MSGKPVRLLPAAEADLDRIYAYIEDRSPDAAVDLDDAIEAAIARLTGHPEIGRTADLFAARLRSYPHRSHIVYYLRDDEARVVMVLLHGARDFERILKDRIET,MTRTTTMTVRLSGALSDFVAANVGDDGAYENVSEYIRDLIRRDQERTEQEAFDRLKAELARAFAAPESVYTPLDAAEVIARNRARR
outputs/toxin_antitoxin_cofold/esmfold_structures/de60f875df424f938733d1c9aefe6bf2_1142453-1ID53_1partial00start_typeGTGrbs_motifNonerbs_spacerNonegc_cont0689__a49b708189/de60f875df424f938733d1c9aefe6bf2_1142453-1ID53_1partial00start_typeGTGrbs_motifNonerbs_spacerNonegc_cont0689__a49b708189.pdb,0.0837717654914734,76.5495652173913,25,81.66243386243387,de60f875df424f938733d1c9aefe6bf2_1142453-1ID53_1partial00start_typeGTGrbs_motifNonerbs_spacerNonegc_cont0689__a49b708189,MSGKPVRLLPAAEADLDRIYAYIEDRSPDAAVDLDDAIEAAIARLTGHPEIGRTADLFAARLRSYPHRSHIVYYLRDDEARVVMVLLHGARDFERILKDRIET,MTRTTTMTVRLSGALSDFVAANVGDDGAYENVSEYIRDLIRRDQERTEQEAFDRLKAELARAFAAPESVYTPLDAAEVIARNRARR
outputs/toxin_antitoxin_cofold/esmfold_structures/de60f875df424f938733d1c9aefe6bf2_37841098-1ID53_3partial00start_typeGTGrbs_motifNonerbs_spacerNonegc_cont0670_21eeb6a9e1/de60f875df424f938733d1c9aefe6bf2_37841098-1ID53_3partial00start_typeGTGrbs_motifNonerbs_spacerNonegc_cont0670_21eeb6a9e1.pdb,0.0275869357890737,69.70599999999999,9,83.65798076923078,de60f875df424f938733d1c9aefe6bf2_37841098-1ID53_3partial00start_typeGTGrbs_motifNonerbs_spacerNonegc_cont0670_21eeb6a9e1,MSGKPVRLLEAAQADLDRIYAYTQDRWGEAQADRYIAELFAAFERIAEHPDIGRTADLFAAGLRSYPHRSHIVYYLRDDEARVVMVLLHGARDFERILKDRIET,MSGKPVRLLEAAQADLAGIYAYTQDRWGEAQADRYIAELFAAFERIAEHPDIGRTADLFAAGLRSYPHRSHIVYYLRDDEARVVMVLLHGARDFERILKDRIET
outputs/toxin_antitoxin_cofold/esmfold_structures/f37cad9fe6204e7194ce3ac6f7a0a505_2301549-1ID74_2partial00start_typeATGrbs_motifGGAGAGAGGrbs_spacer5-10bpgc_co_5ba304cf69/f37cad9fe6204e7194ce3ac6f7a0a505_2301549-1ID74_2partial00start_typeATGrbs_motifGGAGAGAGGrbs_spacer5-10bpgc_co_5ba304cf69.pdb,0.0242015999534604,78.69714285714285,5,91.07615853658535,f37cad9fe6204e7194ce3ac6f7a0a505_2301549-1ID74_2partial00start_typeATGrbs_motifGGAGAGAGGrbs_spacer5-10bpgc_co_5ba304cf69,MGKTDKLLAKFLNSKKTFEWDELVVLFSSLGYVKKEMQGSRVRFFNAEINHTILMHRPHPESYIKGGTLKAIKQNLKEAGLL,MGKTDKLLAKFLNSKKTFEWDELVVLFSSLGYVKKEMQGSRVRFFNAEINHTILMHRPHPESYIKGGTLKAIKQNLKEAGLL
outputs/toxin_antitoxin_cofold/esmfold_structures/1041e26dc7a943bba5009899f0a7607b_185972-1ID4_1partial00start_typeTTGrbs_motifNonerbs_spacerNonegc_cont0455_10_77a56b91f3/1041e26dc7a943bba5009899f0a7607b_185972-1ID4_1partial00start_typeTTGrbs_motifNonerbs_spacerNonegc_cont0455_10_77a56b91f3.pdb,0.0233922429863168,69.255,6,79.61279646017698,1041e26dc7a943bba5009899f0a7607b_185972-1ID4_1partial00start_typeTTGrbs_motifNonerbs_spacerNonegc_cont0455_10_77a56b91f3,MIKPKKNQTGFCFAAKGIFKKQAFYLTKQQKKIVGDNNLLTAGVYAGKGGVGKTTTAVNLAVALSKIGKKLVLLDADLHGPSVPRLLGFKNKPELESETGNISAIRYGVTAVSIGNFVRKQDVAIAWRGPMVAKAIEQLASKTEWGELDYLIVDMPPGTGDVSLTLSQKIPTSGAVIVCTPQNLALIDAVKAVAMFKRVGIPVIGYVENMASHTFGNGDGEKLAASYGTGQIAKQSGVPFLGEIPLDMAVRQAADAGAAPLAKQSTDAAEVFSQIGETIAKRLQLDLTPQGFLPA,MVRLPIDTIFSLKKLALPPEIGISARFLIFGLSGLKRMPRLTAGNLEGKFKMAKSLILKAEARKGMGKGAARQLREEGLIPGVVYGEGKDPESIAVEGREFRKAFEEAGFWSKLIEIEVAGKKHQVLLKDIQRNPATDQPMHADFLRIDKNATITVNMPVVFEGEDESPGIKMGGVLNIVRHEVEVKCAADKIPDAIEVDLSGLEIGNTIHLSAIKLPKGVELAVDEDDFIISIVAPRKLDEPTADETAEEATKETDKNNQDEKANNQPA
outputs/toxin_antitoxin_cofold/esmfold_structures/6a85b4dcbab34c1d89a9a16703d720f6_388712731ID85_3partial00start_typeATGrbs_motifTAArbs_spacer5bpgc_cont0411_6a_db5ee6e0a6/6a85b4dcbab34c1d89a9a16703d720f6_388712731ID85_3partial00start_typeATGrbs_motifTAArbs_spacer5bpgc_cont0411_6a_db5ee6e0a6.pdb,0.022659852264906,65.91,6,75.36527343750001,6a85b4dcbab34c1d89a9a16703d720f6_388712731ID85_3partial00start_typeATGrbs_motifTAArbs_spacer5bpgc_cont0411_6a_db5ee6e0a6,MLPVLWLESADTDLDDITSYIARFDIDAAERLWQRLRGCVLPLSEHPYLYPPSDRVPGLREIVAHPNYIILYRVTTSSVEVVNVIHAKRRFLLSQCANKIIVGYKPATLLYLKSSLYNLILRGYNNDN,MLPVLWLESADTDLDDITSYIARFDIDAAERLWQRLRGCVLPLSEHPYLYPPSDRVPGLREIVAHPNYIILYRVTTSSVEVVNVIHAKRRFLLSQCANKIIVGYKPATLLYLKSSLYNLILRGYNNDN
outputs/toxin_antitoxin_cofold/esmfold_structures/de60f875df424f938733d1c9aefe6bf2_1142453-1ID53_1partial00start_typeGTGrbs_motifNonerbs_spacerNonegc_cont0689__5998d5962f/de60f875df424f938733d1c9aefe6bf2_1142453-1ID53_1partial00start_typeGTGrbs_motifNonerbs_spacerNonegc_cont0689__5998d5962f.pdb,0.0220569620937275,68.13571428571427,5,79.23565217391305,de60f875df424f938733d1c9aefe6bf2_1142453-1ID53_1partial00start_typeGTGrbs_motifNonerbs_spacerNonegc_cont0689__5998d5962f,MSGKPVRLLPAAEADLDRIYAYIEDRSPDAAVDLDDAIEAAIARLTGHPEIGRTADLFAARLRSYPHRSHIVYYLRDDEARVVMVLLHGARDFERILKDRIET,MSGKPVRLLEAAQADLDRIYAYTQDRWGEAQADRYIAELFAAFERIAEHPDIGRTADLFAAGLRSYPHRSHIVYYLRDDEARVVMVLLHGARDFERILKDRIET
outputs/toxin_antitoxin_cofold/esmfold_structures/3364a103cc46492490be400b078a2af4_267512531ID50_2partial00start_typeATGrbs_motifGGAGAGAGGrbs_spacer5-10bpgc_co_99c7e1396e/3364a103cc46492490be400b078a2af4_267512531ID50_2partial00start_typeATGrbs_motifGGAGAGAGGrbs_spacer5-10bpgc_co_99c7e1396e.pdb,0.020182364409357,58.724,4,78.86312182741116,3364a103cc46492490be400b078a2af4_267512531ID50_2partial00start_typeATGrbs_motifGGAGAGAGGrbs_spacer5-10bpgc_co_99c7e1396e,MTVPTTDPAAADAAPAGETDADVAGKFFPAAFDAAETPGLLVGLVARRYQALYAERLAPLGVAPAQFDILQLLFSEPGLGVTEIARRLMLAPNTVADMVNRLVDRGLVTGAAETGSRHEKIVTATERGREDAAALAEKADAALAYVERVGAREPAAALGAELERTALHERQGLMLRKLLRRAQSRERPTRPA,MAHAAIILAGGRATRMGGGDKPLRMIGGRPLLAHVLDRLAPQVDGLALNANGDPARFAAFGLPVIPDTIDGFAGPLAGVLAGLDWAAGQAPDIEWLLSVAGDCPFLPRDLVARLHRARLDTGAELAVAASGDQPHPVVGLWRVALRDALRAALVDEGVRKIDRWTARYRLATVEWPIEPVDPFFNANTIDDLAEAERLAALD
outputs/toxin_antitoxin_cofold/esmfold_structures/de60f875df424f938733d1c9aefe6bf2_1142453-1ID53_1partial00start_typeGTGrbs_motifNonerbs_spacerNonegc_cont0689__4a583b8290/de60f875df424f938733d1c9aefe6bf2_1142453-1ID53_1partial00start_typeGTGrbs_motifNonerbs_spacerNonegc_cont0689__4a583b8290.pdb,0.0198309047753223,62.552,3,80.61816425120773,de60f875df424f938733d1c9aefe6bf2_1142453-1ID53_1partial00start_typeGTGrbs_motifNonerbs_spacerNonegc_cont0689__4a583b8290,MSGKPVRLLPAAEADLDRIYAYIEDRSPDAAVDLDDAIEAAIARLTGHPEIGRTADLFAARLRSYPHRSHIVYYLRDDEARVVMVLLHGARDFERILKDRIET,MSGKPVRLLEAAQADLAGIYAYTQDRWGEAQADRYIAELFAAFERIAEHPDIGRTADLFAAGLRSYPHRSHIVYYLRDDEARVVMVLLHGARDFERILKDRIET
outputs/toxin_antitoxin_cofold/esmfold_structures/7f0ebae773264495a9f7a87fb557e5f1_25501083-1ID66_2partial00start_typeATGrbs_motifGGAGAGAGGrbs_spacer5-10bpgc_c_a61743da0e/7f0ebae773264495a9f7a87fb557e5f1_25501083-1ID66_2partial00start_typeATGrbs_motifGGAGAGAGGrbs_spacer5-10bpgc_c_a61743da0e.pdb,0.0189613977523564,83.875,1,72.53117788461539,7f0ebae773264495a9f7a87fb557e5f1_25501083-1ID66_2partial00start_typeATGrbs_motifGGAGAGAGGrbs_spacer5-10bpgc_c_a61743da0e,MHEKELVKKIKDGDDDAFAQIVKKYQNMAANVAFNIVGNKEDAEEIGQEVFITAYKALNELKDPEKFVSWLYTIVYRKSYKALQKKKKFIPADQFDDVIYDKEENMVMNLEKKEITKALQKAIADIPQRQKTVVILRDYQGFSYEEIADILDIPVRTVESRLYRARKILRKKLKELL,MIEKNQLITLSKNNEPVIVNMDIGYENIENMGVWSVGGTNCLFTNSRMNNDVKKPLDFLEKNRIHITSVFATHGHGDHYGGMGFLLEKLNVKNYLAKFAMKICRLKLEDGAKIQVGSSVLEIVHTPGHSNDSITLVVGNKRIVSGDTFMNAKVFGAVDDLSQYQEILKILKKYIFDNIHDDIYMYPGHGEPFVLDSEKKNLERMKKRIEEYLEIGENPFIANWKDYSFIEFDDEFLIIK
outputs/toxin_antitoxin_cofold/esmfold_structures/e951f484656c4e06888abe99fe5f8681_23698391ID112_2partial00start_typeATGrbs_motifGGAGGAGGrbs_spacer5-10bpgc_con_fdd6d4e730/e951f484656c4e06888abe99fe5f8681_23698391ID112_2partial00start_typeATGrbs_motifGGAGGAGGrbs_spacer5-10bpgc_con_fdd6d4e730.pdb,0.0187280651848367,66.095,1,88.08960093896714,e951f484656c4e06888abe99fe5f8681_23698391ID112_2partial00start_typeATGrbs_motifGGAGGAGGrbs_spacer5-10bpgc_con_fdd6d4e730,MAAALEITLSYPAAQAPGLIPRARLAAWAAAALGAPAEVAVRVVDADEGRALNARFRGRDAPTNVLSFPYAELPAPVYGDLVLCAPVVAREAAEQGKSLHAHWAHLTVHGVLHLQGHDHEDDREAERMEACERAILAQLGYPDPYDEGGETPEVQA,MSGKRGLLERLTSALLGEPETREELLDLLRDARARQLIDPDALGMIQGVFELSQMTVRDIMVPRPQVEFIGIEQPLERILALIADTQHSRFPVCGDSGDDILGFVHVKDLLELHAEGHAGTVRELLRPVAFVPESKRALALLKEFRAAGRHLAIVVDEYGGIDGLVTVEDLVEEIVGEIRDEFDVPPEAIVAERPQTFVFEGDMPVREALEGLGLPEDTPAPCATLGGFVLARLGGIPTVGDRVDIDGLRVKILDVGERRIVEVMVREAP
outputs/toxin_antitoxin_cofold/esmfold_structures/7d242641691244fcbbc11e1b25960d51_366510241ID92_3partial00start_typeATGrbs_motifAGGAGrbs_spacer5-10bpgc_cont04_269928f74a/7d242641691244fcbbc11e1b25960d51_366510241ID92_3partial00start_typeATGrbs_motifAGGAGrbs_spacer5-10bpgc_cont04_269928f74a.pdb,0.0,0.0,0,70.67877394636015,7d242641691244fcbbc11e1b25960d51_366510241ID92_3partial00start_typeATGrbs_motifAGGAGrbs_spacer5-10bpgc_cont04_269928f74a,MDCVFCKIVNGDIPSKKVFEDDKVYAFYDIAPQAPVHILIVPKDHISCADEINKENSVYVAKCFEAIAKIAKEEGLENGYRVVSNCGNDAGQTVPHLHFHILGGTTIPWKTPEGEKEEQ,MTAEQIALFLLGALIGSVIGIIVTTKVEGEQERKINERITEFGGDIDDLKEQLKEMNNRMDEMIAEIREFKKTNEELRDEIIKKAQDGTSKLKEAAEDMKEMIKEIDEMNAGGMEKAMNEMTNAMQDIIYLIDNMTGAVEKK
